Size(Bytes),Latency_0,Latency_1,Latency_2,Latency_3,Latency_4,Latency_5,Latency_6,Latency_7,Latency_8,Latency_9,Latency_10,Latency_11,Latency_12,Latency_13,Latency_14,Latency_15,Latency_16,Latency_17,Latency_18,Latency_19,Latency_20,Latency_21,Latency_22,Latency_23,Latency_24,Latency_25,Latency_26,Latency_27,Latency_28,Latency_29,Latency_30,Latency_31,Latency_32,Latency_33,Latency_34,Latency_35,Latency_36,Latency_37,Latency_38,Latency_39,Latency_40,Latency_41,Latency_42,Latency_43,Latency_44,Latency_45,Latency_46,Latency_47,Latency_48,Latency_49,Latency_50,Latency_51,Latency_52,Latency_53,Latency_54,Latency_55,Latency_56,Latency_57,Latency_58,Latency_59,Latency_60,Latency_61,Latency_62,Latency_63,Latency_64,Latency_65,Latency_66,Latency_67,Latency_68,Latency_69,Latency_70,Latency_71,Latency_72,Latency_73,Latency_74,Latency_75,Latency_76,Latency_77,Latency_78,Latency_79,Latency_80,Latency_81,Latency_82,Latency_83,Latency_84,Latency_85,Latency_86,Latency_87,Latency_88,Latency_89,Latency_90,Latency_91,Latency_92,Latency_93,Latency_94,Latency_95,Latency_96,Latency_97,Latency_98,Latency_99,Latency_100,Latency_101,Latency_102,Latency_103,Latency_104,Latency_105,Latency_106,Latency_107,Latency_108,Latency_109,Latency_110,Latency_111,Latency_112,Latency_113,Latency_114,Latency_115,Latency_116,Latency_117,Latency_118,Latency_119,Latency_120,Latency_121,Latency_122,Latency_123,Latency_124,Latency_125,Latency_126,Latency_127,Latency_128,Latency_129,Latency_130,Latency_131,Latency_132,Latency_133,Latency_134,Latency_135,Latency_136,Latency_137,Latency_138,Latency_139,Latency_140,Latency_141,Latency_142,Latency_143,Latency_144,Latency_145,Latency_146,Latency_147,Latency_148,Latency_149,Latency_150,Latency_151,Latency_152,Latency_153,Latency_154,Latency_155,Latency_156,Latency_157,Latency_158,Latency_159,Latency_160,Latency_161,Latency_162,Latency_163,Latency_164,Latency_165,Latency_166,Latency_167,Latency_168,Latency_169,Latency_170,Latency_171,Latency_172,Latency_173,Latency_174,Latency_175,Latency_176,Latency_177,Latency_178,Latency_179,Latency_180,Latency_181,Latency_182,Latency_183,Latency_184,Latency_185,Latency_186,Latency_187,Latency_188,Latency_189,Latency_190,Latency_191,Latency_192,Latency_193,Latency_194,Latency_195,Latency_196,Latency_197,Latency_198,Latency_199,Latency_200,Latency_201,Latency_202,Latency_203,Latency_204,Latency_205,Latency_206,Latency_207,Latency_208,Latency_209,Latency_210,Latency_211,Latency_212,Latency_213,Latency_214,Latency_215,Latency_216,Latency_217,Latency_218,Latency_219,Latency_220,Latency_221,Latency_222,Latency_223,Latency_224,Latency_225,Latency_226,Latency_227,Latency_228,Latency_229,Latency_230,Latency_231,Latency_232,Latency_233,Latency_234,Latency_235,Latency_236,Latency_237,Latency_238,Latency_239,Latency_240,Latency_241,Latency_242,Latency_243,Latency_244,Latency_245,Latency_246,Latency_247,Latency_248,Latency_249,Latency_250,Latency_251,Latency_252,Latency_253,Latency_254,Latency_255,Latency_256,Latency_257,Latency_258,Latency_259,Latency_260,Latency_261,Latency_262,Latency_263,Latency_264,Latency_265,Latency_266,Latency_267,Latency_268,Latency_269,Latency_270,Latency_271,Latency_272,Latency_273,Latency_274,Latency_275,Latency_276,Latency_277,Latency_278,Latency_279,Latency_280,Latency_281,Latency_282,Latency_283,Latency_284,Latency_285,Latency_286,Latency_287,Latency_288,Latency_289,Latency_290,Latency_291,Latency_292,Latency_293,Latency_294,Latency_295,Latency_296,Latency_297,Latency_298,Latency_299,Latency_300,Latency_301,Latency_302,Latency_303,Latency_304,Latency_305,Latency_306,Latency_307,Latency_308,Latency_309,Latency_310,Latency_311,Latency_312,Latency_313,Latency_314,Latency_315,Latency_316,Latency_317,Latency_318,Latency_319,Latency_320,Latency_321,Latency_322,Latency_323,Latency_324,Latency_325,Latency_326,Latency_327,Latency_328,Latency_329,Latency_330,Latency_331,Latency_332,Latency_333,Latency_334,Latency_335,Latency_336,Latency_337,Latency_338,Latency_339,Latency_340,Latency_341,Latency_342,Latency_343,Latency_344,Latency_345,Latency_346,Latency_347,Latency_348,Latency_349,Latency_350,Latency_351,Latency_352,Latency_353,Latency_354,Latency_355,Latency_356,Latency_357,Latency_358,Latency_359,Latency_360,Latency_361,Latency_362,Latency_363,Latency_364,Latency_365,Latency_366,Latency_367,Latency_368,Latency_369,Latency_370,Latency_371,Latency_372,Latency_373,Latency_374,Latency_375,Latency_376,Latency_377,Latency_378,Latency_379,Latency_380,Latency_381,Latency_382,Latency_383,Latency_384,Latency_385,Latency_386,Latency_387,Latency_388,Latency_389,Latency_390,Latency_391,Latency_392,Latency_393,Latency_394,Latency_395,Latency_396,Latency_397,Latency_398,Latency_399,Latency_400,Latency_401,Latency_402,Latency_403,Latency_404,Latency_405,Latency_406,Latency_407,Latency_408,Latency_409,Latency_410,Latency_411,Latency_412,Latency_413,Latency_414,Latency_415,Latency_416,Latency_417,Latency_418,Latency_419,Latency_420,Latency_421,Latency_422,Latency_423,Latency_424,Latency_425,Latency_426,Latency_427,Latency_428,Latency_429,Latency_430,Latency_431,Latency_432,Latency_433,Latency_434,Latency_435,Latency_436,Latency_437,Latency_438,Latency_439,Latency_440,Latency_441,Latency_442,Latency_443,Latency_444,Latency_445,Latency_446,Latency_447,Latency_448,Latency_449,Latency_450,Latency_451,Latency_452,Latency_453,Latency_454,Latency_455,Latency_456,Latency_457,Latency_458,Latency_459,Latency_460,Latency_461,Latency_462,Latency_463,Latency_464,Latency_465,Latency_466,Latency_467,Latency_468,Latency_469,Latency_470,Latency_471,Latency_472,Latency_473,Latency_474,Latency_475,Latency_476,Latency_477,Latency_478,Latency_479,Latency_480,Latency_481,Latency_482,Latency_483,Latency_484,Latency_485,Latency_486,Latency_487,Latency_488,Latency_489,Latency_490,Latency_491,Latency_492,Latency_493,Latency_494,Latency_495,Latency_496,Latency_497,Latency_498,Latency_499,Latency_500,Latency_501,Latency_502,Latency_503,Latency_504,Latency_505,Latency_506,Latency_507,Latency_508,Latency_509,Latency_510,Latency_511,Latency_512,Latency_513,Latency_514,Latency_515,Latency_516,Latency_517,Latency_518,Latency_519,Latency_520,Latency_521,Latency_522,Latency_523,Latency_524,Latency_525,Latency_526,Latency_527,Latency_528,Latency_529,Latency_530,Latency_531,Latency_532,Latency_533,Latency_534,Latency_535,Latency_536,Latency_537,Latency_538,Latency_539,Latency_540,Latency_541,Latency_542,Latency_543,Latency_544,Latency_545,Latency_546,Latency_547,Latency_548,Latency_549,Latency_550,Latency_551,Latency_552,Latency_553,Latency_554,Latency_555,Latency_556,Latency_557,Latency_558,Latency_559,Latency_560,Latency_561,Latency_562,Latency_563,Latency_564,Latency_565,Latency_566,Latency_567,Latency_568,Latency_569,Latency_570,Latency_571,Latency_572,Latency_573,Latency_574,Latency_575,Latency_576,Latency_577,Latency_578,Latency_579,Latency_580,Latency_581,Latency_582,Latency_583,Latency_584,Latency_585,Latency_586,Latency_587,Latency_588,Latency_589,Latency_590,Latency_591,Latency_592,Latency_593,Latency_594,Latency_595,Latency_596,Latency_597,Latency_598,Latency_599,Latency_600,Latency_601,Latency_602,Latency_603,Latency_604,Latency_605,Latency_606,Latency_607,Latency_608,Latency_609,Latency_610,Latency_611,Latency_612,Latency_613,Latency_614,Latency_615,Latency_616,Latency_617,Latency_618,Latency_619,Latency_620,Latency_621,Latency_622,Latency_623,Latency_624,Latency_625,Latency_626,Latency_627,Latency_628,Latency_629,Latency_630,Latency_631,Latency_632,Latency_633,Latency_634,Latency_635,Latency_636,Latency_637,Latency_638,Latency_639,Latency_640,Latency_641,Latency_642,Latency_643,Latency_644,Latency_645,Latency_646,Latency_647,Latency_648,Latency_649,Latency_650,Latency_651,Latency_652,Latency_653,Latency_654,Latency_655,Latency_656,Latency_657,Latency_658,Latency_659,Latency_660,Latency_661,Latency_662,Latency_663,Latency_664,Latency_665,Latency_666,Latency_667,Latency_668,Latency_669,Latency_670,Latency_671,Latency_672,Latency_673,Latency_674,Latency_675,Latency_676,Latency_677,Latency_678,Latency_679,Latency_680,Latency_681,Latency_682,Latency_683,Latency_684,Latency_685,Latency_686,Latency_687,Latency_688,Latency_689,Latency_690,Latency_691,Latency_692,Latency_693,Latency_694,Latency_695,Latency_696,Latency_697,Latency_698,Latency_699,Latency_700,Latency_701,Latency_702,Latency_703,Latency_704,Latency_705,Latency_706,Latency_707,Latency_708,Latency_709,Latency_710,Latency_711,Latency_712,Latency_713,Latency_714,Latency_715,Latency_716,Latency_717,Latency_718,Latency_719,Latency_720,Latency_721,Latency_722,Latency_723,Latency_724,Latency_725,Latency_726,Latency_727,Latency_728,Latency_729,Latency_730,Latency_731,Latency_732,Latency_733,Latency_734,Latency_735,Latency_736,Latency_737,Latency_738,Latency_739,Latency_740,Latency_741,Latency_742,Latency_743,Latency_744,Latency_745,Latency_746,Latency_747,Latency_748,Latency_749,Latency_750,Latency_751,Latency_752,Latency_753,Latency_754,Latency_755,Latency_756,Latency_757,Latency_758,Latency_759,Latency_760,Latency_761,Latency_762,Latency_763,Latency_764,Latency_765,Latency_766,Latency_767,Latency_768,Latency_769,Latency_770,Latency_771,Latency_772,Latency_773,Latency_774,Latency_775,Latency_776,Latency_777,Latency_778,Latency_779,Latency_780,Latency_781,Latency_782,Latency_783,Latency_784,Latency_785,Latency_786,Latency_787,Latency_788,Latency_789,Latency_790,Latency_791,Latency_792,Latency_793,Latency_794,Latency_795,Latency_796,Latency_797,Latency_798,Latency_799,Latency_800,Latency_801,Latency_802,Latency_803,Latency_804,Latency_805,Latency_806,Latency_807,Latency_808,Latency_809,Latency_810,Latency_811,Latency_812,Latency_813,Latency_814,Latency_815,Latency_816,Latency_817,Latency_818,Latency_819,Latency_820,Latency_821,Latency_822,Latency_823,Latency_824,Latency_825,Latency_826,Latency_827,Latency_828,Latency_829,Latency_830,Latency_831,Latency_832,Latency_833,Latency_834,Latency_835,Latency_836,Latency_837,Latency_838,Latency_839,Latency_840,Latency_841,Latency_842,Latency_843,Latency_844,Latency_845,Latency_846,Latency_847,Latency_848,Latency_849,Latency_850,Latency_851,Latency_852,Latency_853,Latency_854,Latency_855,Latency_856,Latency_857,Latency_858,Latency_859,Latency_860,Latency_861,Latency_862,Latency_863,Latency_864,Latency_865,Latency_866,Latency_867,Latency_868,Latency_869,Latency_870,Latency_871,Latency_872,Latency_873,Latency_874,Latency_875,Latency_876,Latency_877,Latency_878,Latency_879,Latency_880,Latency_881,Latency_882,Latency_883,Latency_884,Latency_885,Latency_886,Latency_887,Latency_888,Latency_889,Latency_890,Latency_891,Latency_892,Latency_893,Latency_894,Latency_895,Latency_896,Latency_897,Latency_898,Latency_899,Latency_900,Latency_901,Latency_902,Latency_903,Latency_904,Latency_905,Latency_906,Latency_907,Latency_908,Latency_909,Latency_910,Latency_911,Latency_912,Latency_913,Latency_914,Latency_915,Latency_916,Latency_917,Latency_918,Latency_919,Latency_920,Latency_921,Latency_922,Latency_923,Latency_924,Latency_925,Latency_926,Latency_927,Latency_928,Latency_929,Latency_930,Latency_931,Latency_932,Latency_933,Latency_934,Latency_935,Latency_936,Latency_937,Latency_938,Latency_939,Latency_940,Latency_941,Latency_942,Latency_943,Latency_944,Latency_945,Latency_946,Latency_947,Latency_948,Latency_949,Latency_950,Latency_951,Latency_952,Latency_953,Latency_954,Latency_955,Latency_956,Latency_957,Latency_958,Latency_959,Latency_960,Latency_961,Latency_962,Latency_963,Latency_964,Latency_965,Latency_966,Latency_967,Latency_968,Latency_969,Latency_970,Latency_971,Latency_972,Latency_973,Latency_974,Latency_975,Latency_976,Latency_977,Latency_978,Latency_979,Latency_980,Latency_981,Latency_982,Latency_983,Latency_984,Latency_985,Latency_986,Latency_987,Latency_988,Latency_989,Latency_990,Latency_991,Latency_992,Latency_993,Latency_994,Latency_995,Latency_996,Latency_997,Latency_998,Latency_999,
32768,42,42,41,42,42,42,41,42,0,42,42,41,42,41,42,41,42,42,0,41,42,41,42,42,0,0,42,41,42,42,42,42,41,42,41,42,42,0,42,42,42,41,42,41,42,42,42,42,41,0,41,42,41,42,41,41,42,42,42,42,41,42,41,42,42,41,42,41,42,0,42,41,42,42,0,42,42,42,41,0,41,42,41,42,0,42,41,42,42,0,42,42,42,41,42,41,42,42,0,42,42,42,41,0,41,42,41,42,0,42,41,42,42,0,42,42,42,41,0,41,42,41,42,42,42,42,41,0,41,42,41,42,0,42,42,42,41,42,42,42,42,41,42,41,0,41,42,41,42,41,42,42,42,42,41,42,41,42,41,42,5000,42,83,42,0,42,42,42,42,42,42,42,41,42,41,42,42,42,42,41,42,41,42,42,41,42,41,42,42,42,42,41,0,41,42,41,42,0,42,41,42,42,41,42,41,42,0,42,41,42,42,41,42,41,42,0,42,41,42,42,41,42,41,42,0,42,41,42,42,41,42,41,42,0,42,41,42,42,41,42,41,42,0,42,41,42,42,41,42,41,42,0,42,41,42,42,41,42,41,42,0,42,41,42,42,41,42,41,42,0,42,41,42,42,41,42,41,42,0,42,41,42,42,41,42,41,42,0,42,41,42,42,41,42,41,42,0,42,41,42,42,41,42,41,42,0,42,41,42,42,41,42,41,42,0,42,41,42,42,41,42,41,42,0,42,41,42,42,41,42,41,42,0,42,41,42,42,41,42,41,42,0,42,41,42,42,41,42,41,42,0,42,41,42,42,41,42,41,42,0,42,41,42,42,41,42,41,42,0,42,41,42,42,41,42,41,42,0,42,41,42,42,41,42,41,42,0,42,41,42,42,41,42,41,42,0,42,41,42,42,41,42,41,42,0,42,41,42,42,41,42,41,42,0,42,41,3375,42,42,41,42,0,42,41,42,42,41,42,41,42,0,42,41,42,42,41,42,41,42,41,42,42,41,42,41,42,0,42,41,42,42,0,42,42,42,41,42,41,42,42,42,42,41,42,41,42,42,0,42,42,42,41,0,41,42,41,42,42,42,42,41,42,41,42,42,42,42,41,0,41,42,41,42,42,42,42,41,42,41,42,42,42,42,41,0,41,42,41,42,42,42,42,41,42,41,42,42,42,42,41,42,41,42,42,42,42,41,42,41,42,42,42,42,41,42,41,42,42,0,42,42,42,41,42,41,42,42,42,42,41,42,41,42,42,0,42,42,42,41,0,41,42,41,42,42,42,42,41,42,41,42,42,42,42,41,0,41,42,41,42,0,42,41,42,42,41,42,41,42,41,42,42,41,42,41,42,42,42,42,41,42,41,42,42,42,42,41,0,41,42,41,42,0,42,41,42,42,41,42,41,42,41,42,42,41,42,41,42,0,42,41,42,42,41,42,41,42,41,42,42,41,42,41,42,0,42,41,42,42,41,42,41,42,41,42,42,41,42,41,42,0,42,41,42,42,41,42,41,42,41,42,42,41,42,41,42,0,42,41,42,42,41,42,41,42,41,42,42,41,42,41,42,0,42,41,42,42,41,42,41,42,41,42,42,41,42,41,42,0,42,41,42,42,41,42,41,42,41,42,42,41,42,41,42,0,42,41,42,42,0,42,42,42,41,42,41,42,42,42,42,41,42,41,42,42,0,42,42,42,41,0,41,42,41,42,42,42,42,41,42,41,42,42,42,42,41,0,41,42,41,42,42,42,42,41,42,41,42,42,42,42,41,0,41,42,41,42,42,42,42,41,42,41,42,42,42,42,41,42,41,42,42,42,42,41,42,41,42,42,0,42,42,42,41,42,41,42,42,42,42,41,42,41,42,42,0,42,42,42,41,42,41,42,42,42,42,41,42,41,42,42,0,42,42,42,41,0,41,42,41,42,42,42,42,41,42,41,42,42,42,42,41,42,41,42,42,42,42,41,42,41,42,42,0,42,42,42,41,0,41,42,41,42,42,42,42,41,42,41,42,42,42,42,41,0,41,42,41,42,42,42,42,41,42,41,42,42,42,42,41,0,41,42,41,42,42,42,42,41,42,41,42,42,42,42,41,0,41,42,41,42,42,42,42,41,42,41,42,42,42,42,41,0,41,42,41,42,42,42,42,41,42,41,42,42,42,42,41,0,41,42,41,42,0,42,41,42,42,41,42,41,42,41,42,42,41,42,41,42,0,42,41,42,42,0,42,42,42,41,42,41,42,42,42,42,41,42,41,42,42,
65536,3000,42,42,42,42,42,41,42,41,42,0,42,41,42,42,0,42,42,42,41,42,41,42,42,42,42,41,42,41,42,42,0,42,42,42,41,0,41,42,41,42,0,42,41,42,42,41,42,41,42,41,42,42,41,42,41,42,0,42,42,41,42,42,42,42,41,42,41,42,42,42,42,41,0,41,42,41,42,42,42,42,41,42,41,42,42,42,42,41,0,41,42,41,42,0,42,41,42,42,0,42,42,42,41,42,41,42,42,42,42,41,42,41,42,42,41,42,41,42,41,42,42,41,42,41,42,0,42,41,42,42,41,42,41,42,41,42,42,41,42,41,42,0,42,41,42,42,0,42,42,42,41,42,41,42,42,42,42,41,42,42,42,41,0,41,42,41,42,42,42,42,41,42,41,42,42,42,42,41,0,41,42,41,42,42,42,42,41,42,41,42,42,42,42,41,0,41,42,41,42,0,42,41,42,42,41,42,41,42,41,42,42,41,42,41,42,42,42,42,41,42,41,42,42,42,42,41,0,41,42,41,42,42,42,42,41,42,41,42,42,42,42,41,0,41,42,41,42,42,42,42,41,42,41,42,42,3542,42,84,41,42,41,42,41,42,41,42,42,41,42,41,42,41,42,42,41,42,41,42,0,42,41,42,42,41,42,41,42,41,42,42,41,42,41,42,42,42,42,41,42,41,42,42,42,42,41,0,41,42,41,42,42,42,42,41,42,41,42,42,42,42,41,0,41,42,41,42,42,42,42,41,42,41,42,42,42,42,41,42,41,42,42,42,42,41,42,41,42,42,0,42,42,42,41,0,41,42,41,42,42,42,42,41,42,41,42,42,42,42,41,0,41,42,41,42,0,42,41,42,42,41,42,41,42,41,42,42,41,42,41,42,0,42,41,42,42,41,42,41,42,41,42,42,41,42,41,42,0,42,41,42,42,41,42,41,42,41,42,42,41,42,41,42,42,42,42,41,42,41,42,42,42,42,41,0,41,42,41,42,0,42,41,42,42,41,42,41,42,41,42,42,41,42,41,42,0,42,41,42,42,41,42,41,42,41,42,42,41,42,41,42,0,42,41,42,42,41,42,41,42,41,42,42,41,42,41,42,0,42,41,42,42,0,42,42,42,41,42,41,42,42,42,42,41,42,41,42,42,41,42,41,42,3500,41,84,41,42,41,42,41,42,42,41,42,41,42,0,41,42,41,42,42,42,42,42,41,42,42,42,42,42,42,41,0,42,42,42,42,41,42,41,42,42,41,42,41,42,0,42,41,42,42,0,42,42,42,41,42,41,42,42,42,42,41,42,41,42,42,41,42,41,42,0,42,41,42,42,0,42,42,42,41,0,41,42,41,42,41,42,42,41,42,41,42,42,42,42,41,42,41,42,42,0,42,42,42,41,0,41,42,41,42,0,42,41,42,42,42,42,41,42,41,42,42,41,42,41,42,42,42,42,41,0,41,42,41,42,0,42,41,42,42,0,42,42,42,41,42,41,42,42,42,42,41,42,41,42,42,41,42,41,42,0,42,41,42,42,0,42,42,42,41,0,41,42,41,42,41,42,42,41,42,41,42,42,42,42,41,42,41,42,42,0,42,42,42,41,0,41,42,41,42,0,42,41,42,42,42,42,41,42,41,42,42,41,42,41,42,42,42,42,41,0,41,42,41,42,0,42,41,42,42,0,42,42,42,41,42,41,42,42,42,42,41,42,41,42,42,41,42,41,42,0,42,41,42,42,0,4667,42,41,42,41,42,41,42,42,41,42,41,42,0,42,41,42,42,0,42,42,42,41,0,41,42,41,42,0,42,41,42,42,0,42,42,42,41,42,41,42,42,42,42,41,42,41,42,42,41,42,41,42,0,42,41,42,42,0,42,42,42,41,0,41,42,41,42,41,42,42,41,42,41,42,42,42,42,41,42,41,42,42,0,42,42,42,41,0,41,42,41,42,0,42,41,42,42,0,42,42,42,41,0,41,42,41,42,41,42,42,41,42,41,42,42,42,42,41,42,41,42,42,41,42,41,42,0,42,41,42,42,0,42,42,42,41,42,41,42,42,42,42,41,42,41,42,42,41,42,41,42,0,42,41,42,42,42,42,41,42,41,42,42,41,42,41,42,42,42,42,41,0,41,42,41,42,41,42,42,41,42,41,42,42,42,42,41,42,41,42,42,0,42,42,42,41,0,41,42,41,42,0,42,41,42,42,0,42,42,42,41,0,41,42,41,42,41,42,42,41,42,41,42,42,42,42,41,42,41,42,42,
131072,2916,41,84,42,42,41,42,41,42,42,42,42,41,42,41,42,0,42,41,42,42,41,42,41,42,41,42,42,0,42,42,42,41,42,41,42,42,42,42,41,42,41,42,42,42,42,41,42,41,42,42,42,42,41,42,41,42,42,42,42,41,42,41,42,42,42,42,41,42,41,42,42,42,42,41,42,41,42,42,42,42,41,42,41,42,42,42,42,41,42,41,42,42,42,42,41,42,41,42,42,42,42,41,42,41,42,42,42,42,41,42,41,42,42,42,42,41,42,41,42,42,42,42,41,42,41,42,42,42,42,41,42,41,42,42,42,42,41,42,41,42,42,42,42,41,42,41,42,42,42,42,41,42,41,42,0,42,41,42,42,0,42,42,42,41,42,41,42,42,42,42,41,42,41,42,42,42,42,41,42,41,42,42,42,42,41,42,41,42,42,42,42,41,42,41,42,42,42,42,41,42,41,42,42,42,42,41,42,41,42,42,42,42,41,42,41,42,42,42,42,41,42,41,42,42,42,42,41,42,41,42,42,42,42,41,42,41,42,42,42,42,41,42,41,42,42,42,42,41,42,41,42,42,42,42,41,3500,42,83,42,41,42,41,42,42,41,42,41,42,41,42,42,41,42,41,42,41,42,42,41,42,41,42,41,42,42,41,42,41,42,41,42,42,41,42,41,42,41,42,42,41,42,41,42,41,42,42,41,42,41,42,41,42,42,41,42,41,42,41,42,42,41,42,41,42,41,42,42,41,42,41,42,41,42,42,41,42,41,42,41,42,42,0,42,42,42,41,42,41,42,42,42,42,41,42,41,42,42,42,42,41,42,41,42,42,42,42,41,42,41,42,42,42,42,41,42,41,42,42,42,42,41,0,41,42,41,42,41,42,42,41,42,41,42,0,42,41,42,42,42,42,41,42,41,42,42,42,42,41,42,41,42,42,42,42,41,42,41,42,42,42,42,41,42,41,42,42,42,42,41,42,41,42,42,42,42,41,42,41,42,42,42,42,41,42,41,42,42,42,42,41,42,41,42,42,42,42,41,42,41,42,42,42,42,41,42,41,42,42,42,42,41,42,41,42,42,42,42,41,0,41,42,41,42,41,42,42,41,42,41,42,41,42,42,41,42,41,42,41,42,42,41,42,41,42,41,42,42,41,42,41,42,3583,41,83,42,42,42,42,41,42,41,42,42,42,42,41,42,41,42,42,42,42,41,42,41,42,42,42,42,41,42,41,42,42,42,42,41,42,41,42,42,42,42,41,42,41,42,42,42,42,41,0,41,42,41,42,0,42,41,42,42,42,42,41,42,41,42,42,42,42,41,42,41,42,42,42,42,41,42,41,42,42,42,42,41,42,41,42,42,42,42,41,42,41,42,42,42,42,41,42,41,42,42,42,42,41,42,41,42,42,42,42,41,42,41,42,42,42,42,41,42,41,42,42,42,42,41,42,41,42,42,42,42,41,42,41,42,42,42,42,41,42,41,42,42,42,42,41,42,41,42,42,42,42,41,0,41,42,41,42,41,42,42,41,42,41,42,41,42,42,41,42,41,42,41,42,42,41,42,41,42,41,42,42,41,42,41,42,41,42,42,41,42,41,42,41,42,42,41,42,41,42,41,42,42,41,42,41,42,41,42,42,41,42,41,42,41,42,42,41,42,41,42,41,42,42,0,42,42,42,41,42,41,42,42,42,42,41,42,41,42,42,42,42,41,42,41,42,42,42,42,41,42,41,42,42,42,3750,0,42,41,42,41,42,41,42,0,42,41,42,42,42,42,41,42,41,42,42,42,42,41,42,41,42,42,42,42,41,42,41,42,42,42,42,41,42,41,42,42,42,42,41,42,41,42,42,42,42,41,42,41,42,42,42,42,41,42,41,42,42,42,42,41,0,41,42,41,42,41,42,42,41,42,41,42,41,42,42,41,42,41,42,41,42,42,41,42,41,42,41,42,42,41,42,41,42,41,42,42,41,42,41,42,41,42,42,41,42,41,42,41,42,42,41,42,41,42,41,42,42,41,42,41,42,41,42,42,41,42,41,42,41,42,42,41,42,41,0,42,42,41,42,42,42,42,41,0,41,42,41,42,42,42,42,41,0,41,42,41,42,41,42,42,41,42,41,42,42,42,42,41,42,41,42,42,0,42,42,42,41,0,41,42,41,42,0,42,41,42,42,0,42,42,42,41,0,41,42,41,42,41,42,42,41,42,41,42,42,42,42,41,42,41,42,42,0,42,42,42,41,0,41,42,41,42,0,42,41,42,
262144,3750,42,84,41,42,41,42,42,42,42,41,42,41,42,42,0,42,42,42,41,42,41,42,42,0,42,42,42,41,42,41,42,42,42,42,41,42,41,42,42,41,42,41,42,0,42,41,42,42,0,42,42,42,41,0,41,42,41,42,41,42,42,41,42,41,42,42,42,42,41,42,41,42,42,0,42,42,42,41,0,41,42,41,42,42,42,42,41,42,41,42,42,0,42,42,42,41,42,41,42,42,42,42,41,42,41,42,42,41,42,41,42,0,42,41,42,42,0,42,42,42,41,0,41,42,41,42,41,42,42,41,42,41,42,42,42,42,41,42,41,42,42,0,42,42,42,41,42,41,42,42,42,42,41,42,41,42,42,41,42,41,42,0,42,41,42,42,0,42,42,42,41,0,41,42,41,42,41,42,42,41,42,41,42,42,42,42,41,42,41,42,42,0,42,42,42,41,0,41,42,41,42,0,42,41,42,42,42,42,41,42,41,42,42,41,42,41,42,42,42,42,41,0,41,42,41,42,0,42,41,42,42,0,42,42,42,41,42,41,42,42,42,42,41,42,41,42,42,41,42,41,42,0,42,41,42,4125,42,41,42,41,42,41,42,42,41,42,41,42,42,42,42,41,42,41,42,42,0,42,42,42,41,42,41,42,42,0,42,42,42,41,0,41,42,41,42,41,42,42,41,42,41,42,42,42,42,41,42,41,42,42,0,42,42,42,41,0,41,42,41,42,0,42,41,42,42,42,42,41,42,41,42,42,41,42,41,42,42,42,42,41,0,41,42,41,42,0,42,41,42,42,0,42,42,42,41,42,41,42,42,42,42,41,42,41,42,42,41,42,41,42,0,42,41,42,42,0,42,42,42,41,0,41,42,41,42,41,42,42,41,42,41,42,42,42,42,41,42,41,42,42,0,42,42,42,41,0,41,42,41,42,0,42,41,42,42,42,42,41,42,41,42,42,41,42,41,42,42,42,42,41,42,41,42,42,0,42,42,42,41,0,41,42,41,42,41,42,42,41,42,41,42,42,42,42,41,42,41,42,42,0,42,42,42,41,0,41,42,41,42,0,42,41,42,42,0,42,42,42,41,0,41,42,41,42,41,42,42,41,42,41,42,42,42,42,41,42,41,42,42,42,42,41,42,41,42,42,41,42,41,42,42,4250,41,84,42,42,41,42,41,42,42,41,42,41,42,42,42,42,41,42,41,42,42,42,42,41,42,41,42,42,41,42,41,42,42,42,42,41,0,41,42,41,42,42,42,42,41,0,41,42,41,42,0,42,41,42,42,0,42,42,42,41,0,41,42,41,42,0,42,41,42,42,0,42,42,42,41,0,41,42,41,42,41,42,42,41,42,41,42,42,42,42,41,42,41,42,42,0,42,42,42,41,42,41,42,42,42,42,41,42,41,42,42,41,42,41,42,0,42,41,42,42,0,42,42,42,41,0,41,42,41,42,41,42,42,41,42,41,42,42,42,42,41,42,41,42,42,0,42,42,42,41,42,41,42,42,42,42,41,42,41,42,42,41,42,41,42,0,42,41,42,42,0,42,42,42,41,0,41,42,41,42,41,42,42,41,42,41,42,42,42,42,41,42,41,42,42,0,42,42,42,41,0,41,42,41,42,0,42,41,42,42,0,42,42,42,41,0,41,42,41,42,0,42,41,42,42,0,42,42,42,41,42,41,42,42,42,42,41,42,41,42,42,41,42,41,42,0,42,41,42,42,0,42,42,42,41,6875,41,84,0,42,42,42,41,42,41,42,42,0,42,42,42,41,0,41,42,41,42,41,42,42,41,42,41,42,42,42,42,41,42,41,42,42,0,42,42,42,41,0,41,83,42,42,0,42,42,42,41,42,41,42,42,42,42,41,42,41,42,42,41,42,41,42,42,42,42,41,0,41,42,41,42,0,42,41,42,42,42,42,41,42,41,42,42,41,42,41,42,42,42,42,41,0,41,42,41,42,0,42,41,42,42,42,42,41,42,41,42,42,41,42,41,42,42,42,42,41,0,41,42,41,42,0,42,41,42,42,0,42,42,42,41,42,41,42,42,42,42,41,42,41,41,42,42,42,42,41,0,41,42,41,42,0,42,41,42,42,0,42,42,42,41,0,41,42,41,42,0,42,41,42,42,0,42,42,42,41,0,41,42,41,42,41,42,42,41,42,41,42,42,42,42,41,42,41,42,42,0,42,42,42,41,0,41,42,41,42,0,42,41,42,42,0,42,42,42,41,0,41,42,41,42,41,42,42,41,42,41,
524288,3125,0,84,42,42,41,42,41,42,42,42,42,41,42,41,42,42,42,42,41,42,41,42,42,42,42,41,42,41,42,42,42,42,41,42,41,42,42,42,42,41,42,41,42,42,42,42,41,42,41,42,42,42,42,41,42,41,42,42,42,42,41,42,41,42,42,42,42,41,0,41,42,41,42,41,42,42,41,42,41,42,41,42,42,41,42,41,42,41,42,42,41,42,41,42,41,42,42,41,42,41,42,41,42,42,41,42,41,42,41,42,42,41,42,41,42,41,42,42,41,42,41,42,41,42,42,0,42,42,42,41,42,41,42,42,42,42,41,42,41,42,42,42,42,41,42,41,42,42,42,42,41,42,41,42,42,42,42,41,42,41,42,42,42,42,41,42,41,42,42,42,42,41,42,41,42,42,42,42,41,42,41,42,0,42,41,42,42,42,42,41,42,41,42,42,42,42,41,42,41,42,42,42,42,41,42,41,42,42,42,42,41,42,41,42,42,42,42,41,42,41,42,42,42,42,41,42,41,42,42,42,42,41,42,41,42,42,42,42,41,0,41,42,41,42,41,42,42,41,42,41,42,41,42,42,41,4083,42,42,41,42,42,42,42,41,42,41,42,42,42,42,41,42,41,42,42,42,42,41,0,41,42,41,42,0,42,41,42,42,42,42,41,42,41,42,42,42,42,41,42,41,42,42,42,41,42,41,42,42,42,41,42,41,42,42,42,41,42,41,42,42,41,42,41,42,41,42,42,0,42,42,42,41,42,41,42,42,42,42,41,42,41,42,42,42,42,41,42,41,42,42,42,42,41,42,41,42,0,42,41,42,42,42,42,41,42,41,42,42,42,42,41,42,41,42,42,42,42,41,42,41,42,42,42,42,41,42,41,42,42,42,42,41,42,41,42,42,42,42,41,42,41,42,42,42,42,41,42,41,42,42,42,42,41,0,41,42,41,42,41,42,42,41,42,41,42,41,42,42,41,42,41,42,41,42,42,41,42,41,42,41,42,42,41,42,41,42,41,42,42,41,42,41,42,41,42,42,41,42,41,42,41,42,42,41,42,41,42,41,42,42,0,42,42,42,41,42,41,42,42,42,42,41,42,41,42,42,42,42,41,42,41,42,42,42,42,41,42,41,42,42,42,42,41,42,41,42,0,42,41,42,42,120709,42,42,41,42,41,42,42,41,42,41,42,41,42,42,41,42,41,42,41,42,42,41,42,41,42,41,42,42,41,42,41,42,41,42,42,41,42,41,42,41,42,42,41,42,41,42,41,42,42,41,42,41,42,41,42,42,41,42,41,42,41,42,42,41,42,41,42,41,42,42,41,42,41,42,41,42,42,41,42,41,42,41,42,42,41,42,41,42,41,42,42,41,42,41,42,41,42,42,41,42,41,42,41,42,42,41,42,41,42,41,42,42,41,42,41,42,41,42,42,41,42,41,42,41,42,42,0,42,42,42,41,42,41,42,42,42,42,41,42,41,42,42,42,42,41,42,41,42,42,42,42,41,42,41,42,42,42,42,41,42,41,42,42,42,42,41,42,41,42,42,42,42,41,42,41,42,42,42,42,41,42,41,42,0,42,41,42,42,42,42,41,42,41,42,42,42,42,41,42,41,42,42,42,42,41,42,41,42,42,42,42,41,42,41,42,42,42,42,41,42,41,42,42,42,42,41,42,41,42,42,42,42,41,42,41,42,42,0,42,42,42,41,42,41,42,42,42,42,41,42,41,42,42,42,42,4291,42,83,42,0,42,41,42,42,0,42,42,42,41,42,41,42,42,42,42,41,42,41,42,42,42,42,41,42,41,42,42,42,42,41,42,41,42,42,42,42,41,42,41,42,42,42,42,41,42,41,42,42,42,42,41,42,41,42,0,42,41,42,42,42,42,41,42,41,42,42,42,42,41,42,41,42,42,42,42,41,42,41,42,42,42,42,41,42,41,42,42,42,42,41,42,41,42,42,42,42,41,42,41,42,42,42,42,41,42,41,42,42,42,42,41,0,41,42,41,42,41,42,42,41,42,41,42,41,42,42,41,42,41,42,41,42,42,41,42,41,42,41,42,42,41,42,41,42,41,42,42,41,42,41,42,41,42,42,41,42,41,42,41,42,42,41,42,41,42,41,42,42,0,42,42,42,41,42,41,42,42,42,42,41,42,41,42,42,42,42,41,42,41,42,42,42,42,41,42,41,42,42,42,42,41,42,41,42,42,42,42,41,42,41,42,42,42,42,41,0,41,42,41,42,41,42,42,41,42,41,42,
1048576,3667,0,83,42,41,42,42,42,42,41,42,41,42,42,41,42,41,42,42,42,42,41,0,41,42,41,42,41,42,42,41,42,41,42,42,42,42,41,42,41,42,42,0,42,42,42,41,0,41,42,41,42,41,42,42,41,42,41,42,42,42,42,41,42,41,42,42,0,42,42,42,41,0,41,42,41,42,0,42,41,42,42,0,42,42,42,41,42,41,42,42,42,42,41,42,41,42,42,41,42,41,42,42,42,42,41,0,41,42,41,42,0,42,41,42,42,0,42,42,42,41,0,41,42,41,42,0,42,41,42,42,42,42,41,42,41,42,42,41,42,41,42,42,42,42,41,0,41,42,41,42,0,42,41,42,42,0,42,42,42,41,42,41,42,42,42,42,41,42,41,42,42,42,41,42,42,0,42,42,42,41,0,41,42,41,42,0,42,41,42,42,42,42,41,42,41,42,42,41,42,41,42,42,42,42,41,0,41,42,41,42,0,42,41,42,42,0,42,42,42,41,42,41,42,42,42,42,41,42,41,42,42,41,42,41,42,0,42,41,42,42,42,42,41,42,41,42,42,41,42,41,42,42,42,42,41,4667,42,83,42,41,42,41,42,42,42,42,41,42,41,42,42,42,42,41,42,41,42,42,41,42,41,42,0,42,41,42,42,0,42,42,42,41,0,41,42,41,42,0,42,41,42,42,0,42,42,42,41,42,41,42,42,42,42,41,42,41,42,42,41,42,41,42,0,42,41,42,42,0,42,42,42,41,0,41,42,41,42,0,42,41,42,42,42,42,41,42,41,42,42,41,42,41,42,42,42,42,41,0,41,42,41,42,0,42,41,42,42,42,42,41,42,41,42,42,41,42,41,42,42,42,42,41,0,41,42,41,42,0,42,41,42,42,0,42,42,42,41,0,41,42,41,42,42,42,42,41,0,41,42,41,42,0,42,41,42,42,0,42,42,42,41,42,41,42,42,42,42,41,42,41,42,42,41,42,41,42,0,42,41,42,42,0,42,42,42,41,42,41,42,42,42,42,41,42,41,42,42,41,42,41,42,0,42,41,42,42,0,42,42,42,41,0,41,42,41,42,41,42,42,41,42,41,42,42,42,42,41,42,41,42,42,41,42,41,42,0,42,41,42,42,0,42,42,42,41,42,41,42,42,42,42,4375,42,83,42,41,42,41,42,42,0,42,42,42,41,42,41,42,42,41,42,41,42,0,42,41,42,42,0,42,42,42,41,42,41,42,42,42,42,41,42,41,42,42,41,42,41,42,42,42,42,41,0,41,42,41,42,0,42,41,42,42,0,42,42,42,41,42,41,42,42,42,42,41,42,41,42,42,41,42,41,42,0,42,41,42,42,41,42,41,42,0,42,41,42,42,42,42,41,42,41,42,42,41,42,41,42,42,42,42,41,0,41,42,41,42,41,42,42,41,42,41,42,42,42,42,41,42,41,42,42,0,42,42,42,41,0,41,42,41,42,0,42,41,42,42,42,42,41,42,41,42,42,41,42,41,42,42,42,42,41,0,41,42,41,42,0,42,41,42,42,0,42,42,41,42,41,42,42,42,41,42,41,42,42,0,42,42,42,41,42,41,42,42,42,42,41,42,41,42,42,41,42,41,42,0,42,41,42,42,0,42,42,42,41,42,41,42,42,42,42,41,42,41,42,42,41,42,41,42,0,42,41,42,42,0,42,42,42,41,0,41,42,41,42,0,42,41,42,41,0,41,42,41,42,42,42,4750,41,84,42,42,42,42,41,42,41,42,42,41,42,41,42,42,42,42,41,42,41,42,42,42,42,41,42,41,42,42,41,42,41,42,42,42,42,41,0,41,42,41,42,42,42,42,41,42,41,42,42,42,42,41,42,41,42,42,0,42,42,42,41,42,41,42,42,0,42,42,42,41,0,41,42,42,41,0,41,42,41,42,0,42,41,42,42,0,42,42,42,41,42,41,42,42,0,42,42,42,41,0,41,42,41,42,0,42,41,42,42,0,42,42,42,41,0,41,42,41,42,0,42,41,42,42,0,42,42,42,41,0,41,42,41,42,0,42,41,42,42,0,42,42,42,41,0,41,42,41,42,0,42,41,42,42,0,42,42,42,41,0,41,42,41,42,0,42,41,42,42,0,42,42,42,41,0,41,42,41,42,0,42,41,42,42,0,42,42,42,41,0,41,42,41,42,0,42,41,42,42,0,42,42,42,41,42,41,42,42,42,42,41,42,41,42,42,41,42,41,42,42,42,42,41,0,41,42,41,42,0,
2097152,4167,42,83,42,41,42,42,42,42,41,42,41,42,42,42,42,41,42,41,42,42,42,42,41,42,41,42,42,42,42,41,42,41,42,42,42,42,41,42,41,42,42,42,42,41,42,41,42,42,42,42,41,42,41,42,42,42,42,41,42,41,42,0,42,41,42,41,42,42,0,42,42,42,41,42,41,42,42,42,42,41,42,41,42,42,42,42,41,42,41,42,42,42,42,41,42,41,42,42,42,42,41,42,41,42,42,42,42,41,42,41,42,42,42,42,41,42,41,42,42,42,42,41,42,41,42,42,42,42,41,42,41,42,0,42,41,42,42,0,42,42,42,41,42,41,42,42,42,42,41,42,41,42,42,42,42,41,42,41,42,42,42,42,41,42,41,42,42,42,42,41,42,41,42,42,42,42,41,42,41,42,42,42,42,41,42,41,42,42,42,42,41,42,41,42,42,42,42,41,42,41,42,0,42,41,42,42,41,42,41,42,41,42,42,0,42,42,42,41,42,41,42,42,42,42,41,42,41,42,42,42,42,41,42,41,42,42,42,42,41,42,41,42,42,42,42,41,42,41,42,42,42,42,41,42,41,4292,41,42,42,42,41,42,41,42,41,42,42,41,42,41,42,0,42,41,42,42,0,42,42,42,41,0,41,42,41,42,0,42,41,42,42,0,42,42,42,41,0,41,42,41,42,0,42,41,42,42,0,42,42,42,41,0,41,42,41,42,42,42,42,41,42,41,42,42,42,42,41,42,41,42,42,42,42,41,42,41,42,41,42,42,41,42,41,42,41,42,42,41,42,41,42,41,42,42,41,42,41,42,41,42,42,41,42,41,42,41,42,42,41,42,41,42,41,42,42,41,42,41,42,41,42,42,41,42,41,42,41,42,42,41,42,41,42,41,42,42,41,42,41,42,41,42,42,0,42,42,42,41,42,41,42,42,42,42,41,0,41,42,41,42,42,42,42,41,42,41,42,42,42,42,41,42,41,42,42,42,42,41,42,41,42,42,42,42,41,42,41,42,42,42,42,41,42,41,42,0,42,41,42,42,41,42,41,42,41,42,42,41,42,41,42,41,42,42,41,42,41,42,41,42,42,41,42,41,42,41,42,42,41,42,41,42,41,42,42,0,42,42,42,41,42,41,42,42,42,42,41,0,41,42,41,4584,42,41,42,42,41,42,42,41,42,41,42,41,42,42,41,42,41,42,41,42,42,41,42,41,42,41,42,42,41,42,41,42,41,42,42,41,42,41,42,41,42,42,41,42,41,42,41,42,42,41,42,41,42,41,42,42,41,42,41,42,41,42,42,0,42,42,42,41,0,41,42,41,42,41,42,42,41,42,41,42,41,42,42,41,42,41,42,41,42,42,41,42,41,42,41,42,42,41,42,41,42,41,42,42,41,42,41,42,41,42,42,41,42,41,42,41,42,42,41,42,41,42,41,42,42,41,42,41,42,41,42,42,41,42,41,42,41,42,42,41,42,41,42,41,42,42,41,42,41,42,41,42,42,41,42,41,42,41,42,42,0,42,42,42,41,0,41,42,41,42,0,42,41,42,42,42,42,41,42,41,42,42,42,42,41,42,41,42,42,42,42,41,42,41,42,42,42,42,41,42,41,42,42,42,42,41,42,41,42,42,42,42,41,42,41,42,42,42,42,41,42,41,42,42,42,42,41,42,41,42,42,42,42,41,42,41,42,42,42,42,41,42,41,42,42,42,42,41,42,41,42,42,42,42,41,4709,42,42,0,42,42,42,41,42,41,42,42,0,42,42,42,41,42,41,42,42,42,42,41,42,41,42,42,42,42,41,42,41,42,42,42,42,41,42,41,42,42,42,42,41,42,41,42,42,42,42,41,42,41,42,42,42,42,41,42,41,42,42,42,42,41,42,41,42,42,42,42,41,42,41,42,42,42,42,41,42,41,42,42,42,42,41,42,41,42,0,42,41,42,42,0,42,42,42,41,42,41,42,42,42,42,41,42,41,42,42,42,42,41,42,41,42,42,42,42,41,42,41,42,42,42,42,41,42,41,42,42,42,42,41,42,41,42,42,42,42,41,42,41,42,42,42,42,41,42,41,42,42,42,42,41,42,41,42,42,42,42,41,42,41,42,42,42,42,41,42,41,42,0,42,41,42,42,0,42,42,42,41,42,41,42,42,42,42,41,42,41,42,42,42,42,41,42,41,42,42,42,42,41,42,41,42,42,42,42,41,42,41,42,42,42,42,41,42,41,42,42,42,42,41,42,41,42,42,42,42,41,
4194304,3709,41,83,42,42,42,42,41,42,41,42,41,42,41,42,41,42,42,42,41,42,41,42,0,42,41,42,42,42,42,41,42,41,42,42,0,42,42,42,41,42,41,42,42,42,42,41,42,41,42,42,42,42,41,42,41,42,42,42,42,41,42,41,41,84,42,42,41,42,42,41,42,41,42,42,0,42,41,42,41,42,42,42,42,41,42,125,84,41,42,42,42,42,41,41,42,42,42,42,42,41,41,42,42,84,42,41,41,42,42,84,42,42,42,42,42,42,41,41,83,42,84,42,41,41,42,42,84,42,83,41,83,42,42,42,41,41,41,42,42,42,42,41,41,42,42,83,42,83,42,42,41,41,42,42,42,41,41,42,42,42,42,41,41,42,42,41,41,41,42,42,42,83,41,41,42,42,84,42,83,41,41,42,84,42,42,41,41,41,42,42,42,42,42,42,41,41,83,42,42,84,42,42,41,41,83,42,42,42,42,83,41,41,42,42,42,42,83,41,83,42,84,42,42,41,41,42,42,42,42,42,41,41,83,42,42,42,42,41,41,83,42,42,42,42,41,41,83,42,42,42,42,83,41,41,42,6625,42,42,42,41,41,42,42,42,42,42,83,41,41,42,42,84,42,42,41,41,42,42,42,42,83,41,41,42,42,84,42,83,41,41,42,42,42,42,42,83,41,83,42,42,42,42,42,41,41,42,42,42,42,42,42,42,42,42,41,41,83,42,84,42,42,41,84,42,42,41,41,42,42,84,42,42,41,41,42,42,42,42,42,41,41,83,42,42,42,42,41,41,83,42,42,42,42,41,41,41,42,42,42,42,83,41,41,42,42,84,42,42,41,41,42,42,42,42,42,41,41,41,42,42,84,42,42,41,41,83,42,83,41,41,42,42,42,42,42,41,41,83,42,84,42,42,41,41,83,42,42,42,42,41,42,42,41,41,41,42,42,84,42,42,41,41,83,42,42,42,42,41,41,41,42,42,84,42,42,41,41,83,42,42,42,42,83,41,41,83,42,42,42,42,42,41,41,42,83,41,41,42,42,84,42,42,41,41,42,42,42,42,42,41,41,41,42,42,42,42,42,83,41,41,42,42,42,42,42,42,41,41,83,42,42,42,42,41,41,41,42,42,84,42,42,41,41,42,42,42,42,167,41,42,42,8542,0,42,42,42,0,41,42,0,42,0,41,0,0,42,0,42,0,0,0,42,42,41,0,42,0,0,0,0,42,41,42,42,41,41,0,42,0,42,0,41,0,0,42,0,41,0,0,42,41,41,0,0,42,0,41,0,0,42,41,41,0,0,42,0,41,0,42,0,42,0,0,42,42,0,41,0,42,0,42,0,0,42,42,0,0,0,0,0,42,41,0,42,42,0,0,42,0,42,41,0,42,0,42,41,42,42,42,42,0,41,0,42,0,42,0,41,0,42,0,42,0,0,42,0,42,0,41,0,42,0,0,41,0,42,0,42,0,0,42,42,0,41,0,42,0,0,41,42,42,0,42,0,0,42,0,42,0,41,0,42,0,42,0,41,0,0,42,41,41,0,42,0,0,41,0,42,0,42,0,41,0,42,0,0,41,42,0,42,0,41,0,42,0,0,41,42,0,42,0,41,0,42,0,42,0,41,0,0,42,41,0,42,0,42,0,41,0,42,0,42,0,41,0,42,0,42,0,0,42,42,42,0,0,42,42,0,42,0,41,0,0,42,0,41,0,42,0,0,41,42,42,0,42,0,41,7584,42,0,41,0,42,0,42,0,41,0,42,0,42,0,0,42,0,42,0,41,0,0,42,0,41,0,42,0,42,0,41,0,0,42,41,41,0,42,0,42,0,0,42,0,42,0,41,0,42,0,42,0,41,0,42,0,42,0,0,42,42,0,41,0,42,0,42,0,41,0,42,0,0,41,42,42,0,0,41,41,0,42,0,42,42,0,41,0,0,42,0,41,0,42,0,0,41,0,42,0,42,0,41,0,42,0,0,41,0,42,0,42,0,0,42,42,42,0,0,42,0,42,0,0,42,42,0,41,0,42,0,42,0,41,0,42,0,0,41,42,42,0,0,41,0,42,0,42,0,41,0,42,0,0,41,42,42,0,42,0,0,42,0,0,41,42,42,0,42,0,41,0,42,0,0,42,0,41,0,42,0,0,41,42,42,0,42,0,0,42,0,42,0,41,0,42,0,0,41,42,42,0,42,0,41,0,42,0,0,41,0,0,42,41,0,42,0,42,0,41,0,42,0,42,0,0,42,42,42,0,0,
8388608,1709,41,42,0,0,41,42,42,0,42,0,41,0,42,0,0,41,0,42,0,42,0,41,0,42,0,0,41,42,0,42,0,41,0,42,0,42,0,41,0,42,0,42,0,0,42,42,42,0,0,42,0,0,41,42,42,0,0,41,0,42,0,42,0,41,0,42,0,0,41,42,0,42,0,41,0,42,0,42,0,0,42,42,42,0,41,0,42,0,42,0,0,42,0,42,0,41,0,0,42,0,41,0,42,0,42,0,41,0,0,42,41,0,42,0,42,0,41,0,0,42,41,41,0,42,0,0,41,0,42,0,42,0,41,0,0,42,41,0,42,0,42,0,41,0,42,0,42,0,0,42,42,0,41,0,42,0,0,41,42,0,42,0,41,0,42,0,0,41,42,42,0,0,41,0,42,0,42,0,0,42,42,0,41,0,42,0,0,41,42,42,0,0,41,0,42,0,42,0,0,42,42,0,41,0,42,0,42,0,41,0,0,42,41,0,42,0,42,0,41,0,42,0,0,41,42,0,42,0,41,0,42,0,0,41,42,0,42,0,41,0,42,0,0,41,42,0,42,0,41,0,42,0,42,0,41,1834,0,41,0,42,0,0,41,42,0,42,0,41,0,42,0,42,0,41,0,0,42,41,0,42,0,42,0,0,42,42,0,41,0,42,0,42,0,0,42,42,0,41,0,42,0,42,0,41,0,42,0,0,41,42,0,42,0,41,0,42,0,0,41,42,42,0,0,41,0,42,0,42,0,41,0,0,42,41,0,42,0,0,41,42,0,42,0,41,0,42,0,0,41,42,0,42,0,41,0,0,42,41,0,42,0,42,0,41,0,0,42,41,0,42,0,42,0,41,0,0,42,0,0,0,42,0,41,42,0,0,0,41,0,42,42,0,41,42,0,0,0,41,42,0,42,41,42,42,42,0,0,41,0,0,42,0,41,0,0,42,41,0,42,0,0,42,42,0,41,0,42,0,42,0,41,0,42,0,42,0,0,42,42,0,41,0,42,0,0,41,42,0,42,0,41,0,42,0,42,0,0,42,42,0,41,0,42,0,42,0,0,42,42,0,41,0,42,0,0,41,42,0,42,0,0,42,42,0,41,0,42,0,0,41,42,0,42,0,0,42,42,42,0,0,42,0,42,0,0,42,0,41,42,0,42,1833,0,42,0,0,42,42,0,41,0,42,0,42,0,41,0,0,42,41,0,42,0,42,0,41,0,42,0,0,41,42,42,0,0,41,0,42,0,0,41,42,0,42,0,41,0,42,0,42,0,0,42,42,42,0,0,42,0,42,0,0,42,0,41,42,0,42,0,41,0,42,0,0,41,0,42,0,0,0,0,42,41,42,0,0,0,41,0,42,42,0,0,42,0,0,0,42,42,0,41,42,0,42,41,0,0,0,0,42,41,0,42,0,42,41,0,0,42,42,41,42,0,42,0,41,0,42,0,0,41,42,0,42,0,41,0,42,0,0,41,42,0,42,0,41,0,42,0,42,0,41,0,42,0,42,0,0,42,42,42,0,41,0,42,0,0,41,0,42,0,0,41,42,42,0,42,0,0,42,0,0,41,42,42,0,0,41,0,42,0,42,0,41,0,42,0,42,0,0,42,42,0,41,0,42,0,42,0,0,42,42,0,41,0,42,0,42,0,0,42,42,0,41,0,42,0,42,0,41,0,42,0,0,41,42,0,42,0,41,0,42,0,42,0,0,42,42,0,41,0,42,0,0,41,42,0,1958,42,42,0,42,0,41,0,0,42,0,41,0,42,0,0,41,42,0,42,0,41,0,42,0,42,0,41,0,0,42,41,0,42,0,42,0,41,0,42,0,42,0,41,0,0,42,41,0,42,0,42,0,41,0,42,0,42,0,41,0,0,42,0,41,0,42,0,42,0,0,42,42,0,41,0,42,0,42,0,0,42,42,42,0,0,42,0,42,0,41,0,0,42,41,41,0,0,42,0,41,0,42,0,0,41,42,0,42,0,41,0,0,42,41,0,42,0,42,0,41,0,42,0,0,41,42,0,42,0,41,0,42,0,42,0,41,0,0,42,41,0,42,0,42,0,41,0,42,0,0,41,0,0,0,0,41,0,42,42,0,41,0,42,42,41,41,41,0,0,42,0,41,0,42,0,42,0,41,0,42,0,0,41,0,42,0,42,0,0,42,42,0,41,0,42,0,42,0,0,42,42,0,41,0,42,0,42,0,41,0,42,0,0,41,42,42,0,0,41,0,42,0,0,41,42,0,42,0,41,0,42,
16777216,1875,0,0,42,41,0,42,0,0,41,42,0,42,0,41,0,42,0,0,41,42,0,42,0,41,0,0,42,41,0,42,0,42,0,41,0,42,0,42,0,0,42,42,0,41,0,42,0,42,0,41,0,42,0,42,0,0,42,42,42,0,0,42,0,42,0,41,0,0,42,41,41,0,42,0,0,41,0,42,0,0,41,42,0,42,0,0,42,42,42,0,41,0,0,42,0,41,0,0,42,41,0,42,0,42,0,41,0,0,42,41,41,0,42,0,0,41,0,42,0,42,0,41,0,0,42,41,0,42,0,42,0,41,0,0,42,41,41,0,0,42,0,41,0,42,0,42,0,0,42,42,0,41,0,42,0,42,0,41,0,0,42,41,0,42,0,42,0,41,0,0,42,41,0,42,0,42,0,41,0,0,42,41,0,42,0,0,41,42,0,42,0,41,0,0,42,41,0,42,0,42,0,41,0,42,0,42,0,0,42,42,0,41,0,42,0,42,0,41,0,0,42,0,0,0,0,42,41,0,42,42,0,0,0,42,42,0,41,42,0,0,0,41,42,42,41,41,0,0,42,0,41,0,42,0,42,1833,42,42,0,41,0,42,0,42,0,41,0,0,42,0,41,0,42,0,0,41,0,0,42,41,41,0,0,42,0,41,0,42,0,42,0,0,42,42,0,41,0,42,0,42,0,41,0,0,42,41,0,42,0,42,0,41,0,42,0,0,41,42,0,42,0,41,0,0,42,41,0,42,0,42,0,41,0,0,42,41,0,42,0,42,0,41,0,0,42,41,0,42,0,42,0,41,0,42,0,0,41,42,0,42,0,41,0,42,0,42,0,0,42,42,42,0,41,0,42,0,42,0,41,0,0,42,0,41,0,42,0,0,41,0,0,0,0,41,0,42,0,42,41,0,42,0,42,41,42,0,42,0,41,0,42,0,42,0,41,0,42,0,0,41,42,42,0,42,0,0,42,0,42,0,41,0,0,42,41,41,0,0,42,0,41,0,0,42,41,41,0,0,42,0,41,0,42,0,42,0,41,0,0,42,41,41,0,0,42,0,41,0,0,42,41,0,42,0,42,0,0,42,42,0,41,0,42,0,42,0,41,0,42,0,42,0,0,42,41,0,42,0,42,0,41,0,42,0,42,0,41,0,42,0,42,1916,42,42,0,42,0,0,42,0,42,0,0,42,0,42,0,41,0,42,0,42,0,41,0,0,42,41,41,0,0,42,0,41,0,42,0,0,41,42,0,42,0,41,0,42,0,42,0,0,42,42,0,41,0,42,0,42,0,41,0,42,0,42,0,41,0,42,0,0,41,42,0,42,0,41,0,42,0,42,0,41,0,0,42,0,0,0,0,42,0,41,0,42,42,0,0,41,42,0,42,0,41,42,0,0,0,41,0,42,42,0,41,0,42,42,0,42,0,0,0,0,42,42,0,0,42,42,41,42,42,0,0,41,0,42,0,42,0,41,0,42,0,42,0,41,0,0,42,41,0,42,0,42,0,41,0,42,0,0,41,42,0,0,41,42,0,42,0,41,0,42,0,42,0,41,0,0,42,42,0,41,0,42,0,42,0,41,0,42,0,42,0,41,0,42,0,0,41,42,42,0,0,41,0,42,0,42,0,41,0,42,0,0,41,42,0,42,0,41,0,42,0,0,41,42,0,42,0,41,0,42,0,42,0,0,42,42,0,41,0,42,0,42,0,41,0,42,0,42,0,0,42,42,0,41,0,1834,41,41,0,0,42,0,41,0,42,0,0,41,42,0,42,0,41,0,42,0,0,41,42,42,0,42,0,0,42,0,42,0,41,0,42,0,42,0,41,0,0,42,41,0,42,0,42,0,41,0,42,0,42,0,41,0,0,42,41,41,0,0,42,0,41,0,42,0,0,41,42,0,42,0,41,0,0,42,41,0,42,0,42,0,41,0,0,42,41,41,0,0,42,0,41,0,42,0,0,41,42,0,42,0,41,0,42,0,42,0,0,42,42,0,0,42,42,0,41,0,42,0,42,0,0,42,42,0,41,0,42,0,42,0,41,0,0,42,41,0,42,0,42,0,41,0,42,0,42,0,0,42,42,42,0,0,42,0,42,0,41,0,0,42,0,42,42,0,41,0,42,0,42,0,0,42,42,42,0,0,42,0,42,0,41,0,0,42,41,0,42,0,42,0,41,0,0,42,42,42,42,0,0,41,0,42,0,42,0,0,0,42,41,0,42,0,42,0,41,0,0,42,41,0,42,0,42,0,41,0,42,
33554432,3000,0,0,41,42,0,42,0,41,0,0,42,41,0,42,0,0,41,42,0,42,0,41,0,42,0,0,41,42,0,42,0,41,0,42,0,0,41,0,42,41,0,42,0,42,0,0,42,42,0,41,0,42,0,42,0,41,0,42,0,0,41,42,0,42,0,41,0,0,42,41,0,42,0,42,0,41,0,42,0,42,0,0,42,42,0,41,0,42,0,0,0,0,0,0,42,42,41,0,0,0,42,41,0,42,42,0,0,0,42,0,42,41,42,42,42,42,0,41,0,0,42,0,41,0,42,0,0,41,0,42,0,42,0,41,0,42,0,0,41,42,0,42,0,41,0,0,42,41,0,42,0,42,0,41,0,0,42,41,0,42,0,42,0,0,42,42,42,0,0,42,0,42,0,0,42,42,0,41,0,42,0,42,0,41,0,0,42,41,0,42,0,42,0,0,42,42,0,41,0,42,0,42,0,41,0,0,0,0,0,0,41,0,42,0,42,41,0,42,42,41,41,41,0,42,0,42,0,0,0,0,41,42,0,42,0,41,0,42,0,42,0,0,42,42,0,41,0,42,0,42,0,0,42,42,0,1750,41,0,42,0,42,0,41,0,0,42,41,0,42,0,42,0,0,42,42,42,0,0,42,0,42,0,0,42,42,0,41,0,42,0,42,0,0,42,42,0,41,0,42,0,42,0,0,42,41,41,41,0,0,42,0,41,0,42,0,0,41,0,42,0,42,0,0,42,42,0,41,0,42,0,42,0,41,0,0,42,41,0,42,0,42,0,41,0,42,0,0,41,42,0,42,0,41,0,42,0,42,0,0,42,42,0,41,0,42,0,42,0,41,0,42,0,0,41,42,0,42,0,41,0,0,42,0,41,0,42,0,0,41,0,0,0,0,0,41,42,0,42,41,0,0,0,42,0,41,42,42,0,0,0,0,42,0,42,41,42,42,41,41,0,42,0,0,41,0,42,0,42,0,0,42,0,42,0,41,0,42,0,0,41,42,0,42,0,41,0,42,0,0,0,0,0,42,0,42,41,42,42,42,0,41,0,0,42,0,41,0,42,0,0,41,42,0,42,0,41,0,0,42,41,0,42,0,42,0,41,0,0,42,41,0,42,0,42,0,41,0,0,42,41,41,0,42,42,0,41,0,42,0,42,0,1833,42,42,0,0,42,0,42,0,41,0,42,42,42,0,41,0,0,42,0,41,0,0,42,0,41,0,42,0,0,41,0,42,0,42,0,41,0,42,0,0,41,42,0,42,0,41,0,42,0,42,0,0,42,42,0,41,0,42,0,42,0,0,42,42,0,41,0,0,42,41,0,42,0,42,0,41,0,0,42,41,41,0,42,0,0,41,0,0,42,41,41,0,0,42,0,41,0,42,0,0,41,0,42,41,0,42,0,42,0,41,0,42,0,0,41,42,42,0,42,0,0,42,0,42,0,41,0,0,42,41,0,42,0,42,0,41,0,0,42,41,41,0,42,0,0,41,0,42,0,42,0,0,42,42,0,41,0,42,0,42,0,0,42,42,0,41,0,42,0,42,0,41,0,0,42,41,41,0,42,0,42,0,0,42,0,42,0,41,0,42,0,42,0,0,42,42,42,0,41,0,0,42,0,41,0,0,42,41,0,42,0,42,0,41,0,42,0,42,0,0,42,42,0,41,0,42,0,42,0,41,0,42,0,0,41,42,0,42,0,41,0,0,42,41,0,42,0,41,0,42,0,0,0,0,42,1917,42,41,42,0,42,0,41,0,42,0,42,0,0,42,42,42,0,0,42,0,42,0,41,0,0,42,41,0,42,0,0,41,0,42,41,0,42,0,42,0,0,42,42,0,41,0,42,0,0,41,42,0,42,0,41,0,42,0,42,0,0,42,42,0,41,0,0,42,41,41,0,0,42,0,41,0,42,0,42,0,41,0,42,0,0,41,0,0,0,0,0,41,42,42,0,0,0,42,0,41,42,0,42,0,41,42,0,0,0,41,42,0,42,41,0,0,0,0,42,41,42,42,42,0,41,0,0,42,0,41,0,42,0,0,41,42,0,42,0,41,0,0,42,41,0,42,0,42,0,41,0,42,0,42,0,41,0,0,42,0,0,0,0,42,0,41,42,0,42,41,0,0,0,42,41,42,42,0,41,0,42,0,42,0,0,41,0,0,0,0,41,42,0,42,41,0,0,0,42,0,41,42,42,0,0,0,42,0,42,41,0,42,42,41,41,41,0,0,42,0,41,0,42,0,42,0,41,0,0,42,0,
67108864,3292,42,42,0,0,42,0,42,0,0,42,42,0,41,0,42,0,42,0,0,0,42,41,42,42,42,0,42,0,41,0,42,0,0,41,0,42,0,42,0,0,42,0,42,0,41,0,0,42,41,0,42,0,0,41,42,0,42,0,0,0,0,42,0,41,0,42,42,0,41,42,0,0,0,0,41,0,42,42,0,0,42,0,42,41,0,0,0,0,42,0,41,42,0,42,0,41,42,0,0,0,41,42,42,41,0,42,0,42,0,41,0,0,42,0,42,42,0,0,42,42,42,0,0,42,0,42,0,0,42,42,0,41,0,42,0,42,0,0,42,42,42,0,41,0,0,42,0,41,0,42,0,42,0,0,42,0,0,0,0,42,0,42,0,41,42,0,42,41,0,0,0,0,42,41,0,0,0,42,41,42,42,42,0,0,42,0,42,0,41,0,0,42,0,42,42,0,41,0,42,0,42,0,0,42,42,0,41,0,42,0,42,0,41,0,42,0,0,41,42,0,42,0,41,0,42,0,0,41,42,42,0,42,0,0,42,0,42,0,0,42,42,0,41,0,42,0,0,41,42,0,42,0,41,0,42,1833,0,0,42,41,0,42,0,42,0,41,0,42,0,42,0,41,0,0,42,41,0,42,0,42,0,41,0,0,42,41,0,42,0,42,0,41,0,42,0,42,0,41,0,42,0,0,41,42,42,0,42,0,41,0,0,42,0,41,0,0,42,41,0,42,0,42,0,41,0,42,0,42,0,0,42,42,0,41,0,42,0,42,0,41,0,42,0,0,41,42,0,42,0,41,0,42,0,0,41,0,42,0,42,42,42,0,0,42,0,42,0,41,0,0,42,41,0,42,0,42,0,41,0,42,0,0,41,42,0,42,0,41,0,42,0,42,0,0,42,42,0,41,0,42,0,42,0,41,0,0,42,41,0,42,0,42,0,0,42,42,0,41,0,42,0,42,0,41,0,0,42,41,0,42,0,42,0,0,42,42,0,41,0,42,0,42,0,41,0,0,42,41,0,42,0,42,0,41,0,42,0,0,41,42,0,42,0,41,0,42,0,42,41,0,42,0,42,0,0,42,0,42,0,41,0,0,42,41,41,0,0,42,0,41,0,42,0,0,42,42,42,0,41,0,42,0,0,41,41,0,0,42,0,41,0,1834,0,41,0,0,0,0,41,42,0,42,0,41,42,0,0,0,41,0,42,42,0,41,42,0,0,0,0,41,42,0,42,41,0,0,0,42,41,0,42,0,42,41,0,0,0,42,0,41,42,0,42,41,0,0,0,42,0,41,42,0,42,41,0,0,0,42,41,0,42,42,0,0,0,42,42,0,41,0,42,42,0,0,0,42,42,41,42,42,0,42,0,0,42,0,42,0,41,0,42,0,0,41,42,0,42,0,0,42,42,0,41,0,42,0,0,41,42,0,42,0,41,0,0,42,0,42,42,0,0,42,42,0,41,0,0,42,41,0,42,0,42,0,41,0,0,42,41,41,0,42,0,0,41,0,42,0,42,0,41,0,0,42,41,0,42,0,42,0,41,0,0,42,0,41,42,42,0,42,0,0,42,0,42,0,41,0,42,0,42,0,41,0,42,0,0,41,42,0,42,0,0,42,42,0,41,0,42,0,42,0,41,0,42,0,42,0,41,0,0,42,41,0,42,0,0,41,42,0,42,0,41,0,42,0,42,0,41,0,0,42,41,0,42,0,42,0,0,42,42,0,41,0,42,0,42,1541,0,0,42,41,41,0,42,0,0,41,0,42,0,42,0,41,0,0,42,41,0,42,0,42,0,41,0,42,0,42,0,0,42,42,42,0,41,0,42,0,0,41,0,0,42,41,0,42,0,0,41,42,42,0,42,0,41,0,0,42,0,41,0,0,42,41,0,42,0,42,0,41,0,0,42,0,42,42,0,41,0,0,42,41,0,42,0,42,0,41,41,42,0,0,42,0,41,0,42,0,0,41,42,0,42,0,41,0,42,0,0,41,42,42,0,0,41,0,42,0,42,0,41,0,42,0,0,41,42,0,42,0,41,0,0,42,41,0,42,0,42,0,41,0,42,0,42,0,41,0,0,42,41,0,42,0,42,0,41,0,0,42,41,41,0,0,42,0,41,0,42,0,42,0,0,42,42,0,41,0,42,0,0,41,42,0,42,0,0,42,42,0,41,0,42,0,0,41,42,0,42,0,41,0,0,42,41,0,42,0,42,0,41,0,42,0,42,0,41,0,0,42,41,0,42,0,42,0,0,42,42,
134217728,3250,0,42,0,0,41,42,0,42,0,41,0,42,0,0,41,42,0,42,0,0,42,42,0,41,0,0,42,41,0,42,0,42,0,0,42,42,0,41,0,42,0,0,41,42,0,0,41,42,0,42,0,41,0,42,0,42,0,0,42,42,0,41,0,42,0,42,0,0,42,42,0,41,0,42,0,42,0,0,42,42,0,41,0,42,0,42,0,0,42,42,0,41,0,42,0,42,0,41,0,42,0,0,41,42,42,0,0,41,0,42,0,42,0,0,42,0,0,0,0,42,0,42,41,0,42,42,0,0,0,42,0,42,0,41,42,42,41,41,0,42,0,42,0,41,0,0,42,0,41,0,0,42,41,0,42,0,42,0,41,0,42,0,0,41,42,0,42,0,41,0,42,0,0,41,42,0,42,0,41,0,0,42,41,41,0,0,42,0,41,0,0,42,41,0,42,0,42,0,0,42,42,42,0,41,0,0,42,0,41,0,0,42,41,41,0,42,0,0,41,0,42,0,42,0,0,42,42,0,41,0,42,0,42,0,41,0,42,0,42,0,41,0,0,42,41,0,42,0,42,0,41,0,42,0,0,1833,42,0,0,0,42,42,0,41,0,42,42,0,0,0,42,42,0,41,0,42,42,0,0,0,0,42,42,41,42,42,0,42,0,0,42,0,42,0,0,42,42,0,41,0,42,0,42,0,0,42,0,0,0,0,42,0,42,41,0,42,0,42,41,0,0,0,42,0,41,42,0,42,41,0,0,0,0,42,0,41,42,0,42,0,41,42,0,0,0,41,0,42,42,0,41,0,42,0,42,41,0,0,0,42,0,41,42,0,42,41,42,42,42,0,42,0,41,0,42,0,0,41,0,42,0,42,0,0,84,0,0,42,42,42,0,41,0,0,42,0,41,0,42,0,42,0,41,0,42,0,42,0,41,0,0,42,41,41,0,42,0,0,41,0,42,0,42,0,0,42,42,42,0,41,0,0,42,0,41,0,42,0,42,0,41,0,0,42,41,0,42,0,42,0,41,0,0,42,0,0,0,0,42,0,41,0,42,0,42,41,42,42,42,0,41,0,42,0,0,41,0,42,0,42,0,0,42,0,41,42,0,42,0,41,0,0,42,41,0,42,0,42,0,41,0,42,0,42,0,0,42,42,42,0,41,1792,42,42,0,41,0,42,0,42,0,0,42,0,42,0,41,0,0,42,0,41,0,0,42,0,41,0,42,0,0,41,42,0,42,0,0,42,42,0,41,0,42,0,0,41,42,0,42,0,0,42,42,0,41,0,42,0,0,41,42,0,42,0,0,42,42,0,42,0,41,0,0,42,41,0,42,0,42,0,41,0,0,42,41,41,0,42,0,0,41,0,42,0,0,41,42,42,0,0,41,0,42,0,0,41,42,0,42,0,41,42,0,42,0,41,0,0,42,0,41,0,42,0,0,41,42,42,0,42,0,41,0,0,42,0,41,0,0,42,41,0,42,0,42,0,41,0,0,42,41,41,0,0,42,0,41,0,42,0,42,0,41,0,42,0,0,41,42,0,42,0,41,0,0,42,41,0,42,0,0,41,0,0,41,0,42,42,0,0,0,42,0,42,0,41,42,0,42,0,41,0,42,42,0,0,0,0,42,42,0,41,42,42,42,42,0,0,42,0,42,0,41,0,0,42,0,41,0,42,0,42,0,0,42,42,0,41,0,42,0,42,0,0,42,42,0,41,0,42,0,0,41,42,42,0,42,1666,41,0,42,0,42,0,41,0,42,0,0,41,0,42,0,0,41,0,42,0,42,0,0,42,42,0,41,0,42,0,42,0,41,0,0,42,41,0,42,0,42,0,41,0,42,0,42,0,41,0,0,42,0,0,0,0,0,42,41,42,42,42,0,41,0,42,0,42,0,0,42,0,42,0,41,0,42,0,0,41,42,42,0,0,41,0,42,0,0,41,42,0,42,0,0,42,42,0,41,0,42,0,0,41,42,0,42,0,41,0,42,0,0,41,42,0,42,0,41,0,42,0,0,41,42,0,42,0,41,0,0,42,41,0,42,0,42,0,41,0,0,42,41,41,0,42,0,0,41,0,0,42,41,0,42,0,42,0,41,0,42,0,0,41,42,0,42,0,41,0,42,0,0,41,42,0,42,0,41,0,42,0,42,0,41,0,0,42,0,0,0,42,0,41,42,42,41,41,0,42,0,42,0,0,42,0,42,0,41,0,42,0,0,41,0,42,41,0,42,0,0,41,42,0,42,0,41,0,42,0,42,
268435456,3250,41,41,0,42,0,42,0,0,42,0,42,0,0,42,0,42,0,41,0,42,0,0,41,42,0,42,0,41,0,42,0,42,0,0,42,42,0,41,0,42,0,42,0,41,0,42,0,0,41,42,0,42,0,41,0,42,0,0,41,42,0,42,0,41,0,0,42,41,0,42,0,42,0,41,0,0,42,41,41,0,0,42,0,41,0,42,0,42,0,41,0,42,0,0,41,42,0,42,0,41,0,42,0,42,0,41,0,0,42,41,0,42,0,42,0,0,42,42,0,41,0,42,0,42,0,41,0,42,0,0,42,41,0,42,0,42,0,41,0,0,42,41,0,42,0,42,0,0,42,42,0,41,0,42,0,42,0,0,42,42,0,41,0,42,0,42,0,0,42,42,0,41,0,42,0,42,0,41,0,0,42,41,0,42,0,42,0,41,0,0,0,0,0,41,42,0,42,0,41,42,42,42,42,0,0,42,0,42,0,0,42,0,42,0,41,0,42,0,42,0,41,0,0,42,41,41,0,0,42,0,41,0,42,0,42,0,0,42,42,0,0,42,42,0,41,0,42,0,42,0,41,0,0,42,41,2000,41,0,42,0,0,41,0,42,0,0,41,42,42,0,0,41,0,42,0,42,0,41,0,42,0,0,41,42,42,0,42,0,0,42,0,42,0,41,0,0,42,41,0,42,0,42,0,41,0,42,0,0,41,42,42,0,42,0,0,42,0,42,0,41,0,42,0,0,41,42,42,0,0,41,0,42,0,42,0,41,0,0,42,41,41,0,42,0,0,41,0,0,42,0,42,42,0,41,0,42,0,42,0,0,42,42,0,41,0,42,0,0,41,42,42,0,42,0,0,42,0,42,0,41,0,42,0,0,41,42,0,42,0,41,0,42,0,0,41,42,0,42,0,41,0,42,0,42,0,0,42,42,42,0,41,0,0,42,0,41,0,42,0,0,41,42,0,42,0,41,0,42,0,0,41,42,42,0,42,0,0,42,0,42,0,41,0,42,0,42,0,0,42,0,41,42,0,42,0,0,42,42,0,41,0,42,0,0,41,0,0,0,0,41,42,42,41,0,42,0,42,0,41,0,42,0,0,41,0,42,0,0,0,0,42,0,41,0,42,42,41,42,42,0,42,0,41,0,0,42,0,41,0,0,42,1750,0,41,42,0,42,0,41,0,42,0,42,0,0,42,42,0,41,0,0,42,41,41,0,0,42,0,41,0,42,0,42,0,0,42,42,0,41,0,42,0,42,0,0,42,42,0,41,0,42,0,42,0,0,42,42,0,41,0,42,0,42,0,0,42,42,0,41,0,42,0,42,0,41,0,0,42,41,41,0,42,0,42,0,0,42,0,42,0,41,0,0,42,41,0,42,0,42,0,41,0,0,42,41,0,42,0,0,41,42,0,42,0,41,0,42,0,0,41,42,0,42,0,41,0,42,0,0,41,42,42,0,42,0,41,0,0,42,0,41,0,42,0,0,41,42,0,42,0,41,0,42,0,0,41,42,0,42,0,0,42,42,0,41,0,42,0,42,0,41,0,0,42,41,41,0,42,0,42,0,41,0,0,42,0,41,0,0,42,41,41,0,42,0,0,41,0,0,42,41,0,42,0,42,0,41,0,42,0,42,0,0,42,42,42,0,41,0,0,42,0,41,0,42,0,42,0,0,42,42,0,41,0,42,0,42,0,41,0,0,42,0,42,42,0,41,0,42,0,42,41,0,0,42,0,41,1834,42,42,0,0,42,0,42,0,41,0,42,0,0,41,0,42,0,42,0,41,0,42,0,42,0,0,42,42,42,0,41,0,42,0,42,0,0,42,0,42,0,0,42,42,0,41,0,42,0,42,0,41,0,42,0,0,0,0,0,42,0,42,0,41,0,42,42,41,0,42,41,0,42,0,42,0,41,0,0,41,42,0,42,0,41,0,42,0,42,0,41,0,0,42,41,0,42,0,42,0,41,0,42,0,0,41,42,0,42,0,0,42,42,42,0,41,0,42,0,0,41,0,42,0,42,0,41,0,42,0,0,41,42,0,42,0,41,0,42,0,42,0,0,42,42,0,41,0,0,42,41,0,42,0,42,0,0,42,42,0,41,0,42,0,42,0,41,0,42,0,0,41,42,0,42,0,41,0,42,0,42,0,41,0,0,42,41,0,42,0,42,0,41,0,42,0,42,0,0,42,42,0,41,0,42,0,0,41,0,0,0,0,41,0,42,42,0,41,0,42,0,42,41,42,0,42,0,41,0,42,0,
536870912,2625,41,42,42,0,0,41,0,42,0,42,0,0,42,42,0,41,0,42,0,0,41,42,42,0,42,0,41,0,0,42,0,41,0,42,0,42,0,41,0,0,42,0,42,42,0,41,0,42,0,0,41,42,0,42,0,41,0,42,0,42,0,0,42,42,42,0,0,42,0,42,0,41,0,0,42,41,0,42,0,42,0,41,0,42,0,0,41,42,0,42,0,41,0,42,0,0,41,42,0,42,0,41,0,42,0,0,41,42,0,42,0,41,0,42,0,42,0,0,42,42,0,41,0,42,0,42,0,41,0,42,0,0,41,0,42,0,42,0,41,0,0,42,41,0,42,0,0,41,0,42,41,0,0,42,41,0,42,0,42,0,41,0,42,0,0,41,42,0,42,0,41,0,42,0,42,41,41,41,0,42,0,42,0,0,42,0,42,0,41,0,0,42,0,41,0,42,0,42,0,0,42,0,42,0,41,0,42,0,0,41,42,0,42,0,41,0,42,0,42,0,0,42,42,0,41,0,0,42,41,0,42,0,42,41,0,0,42,0,41,0,0,42,41,0,42,0,42,0,41,0,0,42,41,0,42,1958,41,0,42,0,42,0,0,42,0,42,0,41,0,42,0,0,41,42,42,0,0,41,0,42,0,0,41,42,0,42,0,41,0,42,0,42,0,0,42,42,0,41,0,42,0,42,0,41,0,42,0,42,0,41,0,0,42,41,0,42,0,42,0,41,0,42,0,0,41,42,42,0,42,0,41,0,0,42,0,41,0,42,0,0,41,42,0,42,0,41,0,42,0,0,41,42,0,42,0,41,0,42,0,42,0,41,0,0,42,41,0,42,0,42,0,41,0,42,0,0,0,0,42,0,42,41,0,42,42,0,0,0,42,0,42,0,41,42,0,42,0,41,42,42,0,41,0,42,42,0,0,41,0,42,0,42,0,0,42,0,0,0,0,42,0,42,0,41,42,42,41,41,0,42,0,42,0,41,0,42,0,0,41,0,0,42,41,41,0,0,42,0,41,0,42,0,0,41,42,42,0,42,0,41,0,0,42,0,0,42,42,42,0,0,42,0,42,0,41,0,42,0,0,41,42,42,0,0,41,0,42,0,0,41,42,0,42,0,41,0,42,0,0,41,42,0,42,0,41,0,42,0,42,0,0,1917,42,41,41,0,42,0,42,0,41,0,42,0,0,41,0,42,0,42,0,0,42,42,0,41,0,42,0,0,41,42,0,42,0,41,0,0,42,41,0,42,0,42,0,0,42,42,42,0,0,42,0,0,41,42,0,42,0,41,0,42,0,42,0,41,0,0,42,41,0,42,0,42,0,41,0,42,0,42,0,41,0,0,42,42,42,42,0,42,0,0,42,0,42,0,0,42,0,42,0,0,42,0,0,0,42,0,42,0,41,42,42,0,0,0,42,42,41,0,0,0,42,41,0,42,0,42,41,42,42,42,0,0,41,0,42,0,0,41,0,0,42,41,0,42,0,42,0,41,0,42,0,42,0,0,42,41,41,0,42,0,0,41,0,42,0,0,41,42,0,42,0,41,0,42,0,42,0,41,0,0,42,0,42,42,0,41,0,42,0,42,0,0,42,0,0,0,0,42,42,41,0,0,0,42,41,42,42,42,0,0,42,0,42,0,41,0,0,42,0,0,42,41,42,42,0,42,0,41,0,0,42,0,41,0,42,0,42,0,0,42,42,0,41,0,42,0,0,41,42,0,42,0,41,0,0,1708,42,42,42,0,41,0,0,42,0,41,0,0,42,41,0,42,0,42,0,41,0,42,0,42,0,0,42,42,0,41,0,42,0,42,0,0,42,42,0,41,0,42,0,0,41,42,0,42,0,41,0,42,0,0,41,42,0,42,0,41,0,0,42,0,0,0,0,42,0,41,42,0,42,41,42,0,42,0,41,0,0,42,0,42,42,0,41,0,0,42,42,42,0,41,0,0,42,0,41,0,42,0,0,41,42,0,42,0,41,0,42,0,0,41,42,42,0,42,0,41,0,0,42,0,41,0,0,42,41,0,42,0,42,0,0,42,0,41,42,0,42,0,41,0,42,0,42,0,0,42,42,0,41,0,42,0,0,41,0,42,41,0,42,0,42,0,0,42,42,0,41,0,42,0,0,41,42,0,0,41,42,0,0,41,42,0,42,0,41,0,42,0,0,41,42,42,0,0,41,0,42,0,42,0,0,42,0,0,0,0,42,42,0,41,42,0,0,0,0,42,42,41,0,42,41,0,42,0,42,0,0,
1073741824,3167,0,0,0,42,42,41,42,42,41,41,0,42,0,42,0,41,0,0,42,0,41,0,42,0,0,0,0,42,41,42,42,0,0,41,0,42,0,42,0,41,0,0,42,0,41,0,0,42,41,0,42,0,42,0,41,0,0,42,41,0,42,0,42,0,0,42,42,42,0,41,0,42,0,0,41,0,42,0,42,0,0,42,42,0,41,0,42,0,42,0,41,0,0,42,41,0,42,0,0,41,42,42,0,0,41,0,42,0,0,42,0,42,0,42,42,0,0,42,0,0,0,0,42,42,0,0,42,42,0,41,0,42,42,41,0,42,0,42,0,41,0,42,0,42,0,0,42,42,0,41,0,42,0,0,41,42,42,0,0,41,0,42,0,42,0,41,0,42,0,0,41,42,0,42,0,41,0,42,0,42,0,41,0,42,0,42,0,41,0,42,0,0,41,42,0,42,0,41,0,42,0,42,0,0,42,0,41,42,0,0,41,0,42,41,0,42,0,42,0,41,0,0,42,41,41,0,42,0,0,41,0,42,0,42,0,41,0,42,0,0,41,0,42,0,42,42,42,0,41,0,42,0,0,41,0,1875,0,42,42,0,41,0,42,0,42,0,41,0,0,42,41,0,42,0,0,41,0,42,0,42,42,0,41,0,42,0,0,41,42,0,42,0,41,0,0,42,41,0,42,0,42,0,41,0,42,0,0,41,42,0,42,0,41,0,42,0,0,41,42,0,42,0,41,0,42,0,42,0,0,42,42,0,41,0,42,0,42,0,41,0,42,0,0,41,42,42,0,0,41,0,42,0,0,41,42,42,0,42,41,41,41,0,42,0,42,0,0,42,0,42,0,41,0,0,42,0,41,0,42,0,42,0,0,42,0,42,0,41,0,42,0,42,0,41,0,42,0,42,0,0,42,42,0,41,0,41,41,0,42,0,42,0,41,0,42,0,0,41,0,41,41,0,0,0,41,42,0,42,0,41,0,42,0,42,0,0,0,0,0,42,0,41,42,42,41,41,41,0,0,42,0,41,0,42,0,42,0,0,42,0,42,42,0,42,0,41,0,42,0,0,41,0,42,0,42,0,41,0,0,42,41,0,42,0,42,0,41,0,42,0,0,41,42,42,0,42,0,0,42,0,42,0,0,42,42,0,41,0,42,0,42,1500,41,41,0,42,0,42,0,41,0,42,0,42,0,0,42,0,42,0,41,0,0,42,0,41,0,42,0,42,0,41,0,0,42,41,0,42,0,42,0,41,0,0,42,41,41,0,0,42,0,41,0,42,0,42,0,0,42,42,0,41,0,42,0,42,0,0,42,42,0,41,0,42,0,42,0,0,42,0,42,0,41,42,42,0,0,41,0,42,0,42,0,41,0,42,0,0,41,42,0,42,0,41,0,42,0,0,41,42,0,42,0,41,0,0,42,41,41,0,0,42,0,0,42,42,42,0,41,0,0,42,0,41,0,0,42,41,0,42,0,42,0,41,0,0,0,0,0,41,42,42,0,42,42,0,41,0,42,0,42,0,0,0,0,0,42,0,41,42,0,42,41,42,0,42,0,41,0,0,42,41,0,42,0,42,0,41,0,0,42,41,41,0,42,0,42,0,41,0,42,0,0,41,0,42,0,42,0,41,0,0,42,41,41,0,42,0,0,41,0,42,0,42,0,0,42,42,42,0,41,0,0,42,0,41,0,42,0,42,0,41,0,42,0,0,41,42,42,0,0,41,0,42,0,42,0,1875,0,41,42,0,42,0,0,42,0,41,42,0,42,0,42,0,41,0,0,42,41,0,42,0,42,0,41,0,0,42,41,0,42,0,0,41,42,42,0,42,0,0,42,0,42,0,41,0,42,0,0,41,0,42,0,0,0,42,41,0,42,0,42,41,0,0,0,42,41,0,42,42,0,0,0,42,0,42,0,41,42,42,0,0,0,42,42,41,0,0,0,0,42,41,0,0,42,0,41,0,0,42,41,42,0,0,0,41,0,42,42,41,42,42,0,42,0,0,42,0,42,0,41,0,0,42,0,0,0,42,0,41,0,42,42,41,42,42,0,42,0,0,42,0,42,0,41,0,42,0,42,0,41,0,0,42,41,41,0,42,0,42,0,0,42,0,42,0,41,0,0,42,41,0,42,0,42,0,41,0,42,0,42,0,41,0,42,0,42,0,0,42,0,0,0,0,42,42,0,41,42,0,0,0,41,0,42,0,42,41,42,0,0,0,83,0,42,41,0,42,42,0,0,0,42,0,42,41,0,42,42,
